	{ id =  1, xyz = [    11.835000,    14.174000,    21.993000 ] }, # H
	{ id =  2, xyz = [    70.354000,    14.977000,     9.522000 ] }, # HA
	{ id =  3, xyz = [    69.551000,    12.987000,     9.783000 ] }, # CB
	{ id =  4, xyz = [    70.089644,    12.600125,     8.905544 ] }, # HB2
	{ id =  5, xyz = [    70.183466,    12.790370,    10.660755 ] }, # HB3
	{ id =  6, xyz = [    68.238928,    12.224681,     9.935762 ] }, # CG
	{ id =  7, xyz = [    67.696526,    12.603347,    10.815119 ] }, # HG2
	{ id =  8, xyz = [    67.602686,    12.413110,     9.059130 ] }, # HG3
	{ id =  9, xyz = [    68.462550,    10.725891,    10.085886 ] }, # CD
	{ id = 10, xyz = [    67.493371,    10.205614,    10.078133 ] }, # HD2
	{ id = 11, xyz = [    69.036997,    10.350002,     9.226160 ] }, # HD3
	{ id = 12, xyz = [    69.175294,    10.417673,    11.325681 ] }, # NE
	{ id = 13, xyz = [    70.168949,    10.316770,    11.279571 ] }, # HE
	{ id = 14, xyz = [    68.589803,    10.262951,    12.510083 ] }, # CZ
	{ id = 15, xyz = [    67.274207,    10.390443,    12.627557 ] }, # NH1
	{ id = 16, xyz = [    66.718993,    10.603431,    11.823359 ] }, # HH11
	{ id = 17, xyz = [    66.838136,    10.273126,    13.520008 ] }, # HH12
	{ id = 18, xyz = [    69.319864,     9.963713,    13.576631 ] }, # NH2
	{ id = 19, xyz = [    70.310380,     9.854208,    13.489813 ] }, # HH21
	{ id = 20, xyz = [    68.880098,     9.847503,    14.467315 ] }, # HH22

	{ id =  1, xyz = [    11.835000,    14.174000,    21.993000 ] }, # H
	{ id =  2, xyz = [    70.354000,    14.977000,     9.522000 ] }, # HA
	{ id =  3, xyz = [    69.551000,    12.987000,     9.783000 ] }, # CB
	{ id =  4, xyz = [    70.089644,    12.600125,     8.905544 ] }, # HB2
	{ id =  5, xyz = [    70.183466,    12.790370,    10.660755 ] }, # HB3
	{ id =  6, xyz = [    68.238928,    12.224681,     9.935762 ] }, # CG
	{ id =  7, xyz = [    67.696526,    12.603347,    10.815119 ] }, # HG2
	{ id =  8, xyz = [    67.602686,    12.413110,     9.059130 ] }, # HG3
	{ id =  9, xyz = [    68.462550,    10.725891,    10.085886 ] }, # CD
	{ id = 10, xyz = [    67.493371,    10.205614,    10.078133 ] }, # HD2
	{ id = 11, xyz = [    69.036997,    10.350002,     9.226160 ] }, # HD3
	{ id = 12, xyz = [    69.175294,    10.417673,    11.325681 ] }, # NE
	{ id = 13, xyz = [    69.363168,    11.171332,    11.955253 ] }, # HE
	{ id = 14, xyz = [    69.589841,     9.201866,    11.671383 ] }, # CZ
	{ id = 15, xyz = [    69.362563,     8.165869,    10.873948 ] }, # NH1
	{ id = 16, xyz = [    68.878016,     8.297872,    10.008992 ] }, # HH11
	{ id = 17, xyz = [    69.676161,     7.253484,    11.137766 ] }, # HH12
	{ id = 18, xyz = [    70.247817,     9.024355,    12.809634 ] }, # NH2
	{ id = 19, xyz = [    70.432295,     9.804880,    13.407462 ] }, # HH21
	{ id = 20, xyz = [    70.559480,     8.110415,    13.070011 ] }, # HH22

	{ id =  1, xyz = [    11.835000,    14.174000,    21.993000 ] }, # H
	{ id =  2, xyz = [    70.354000,    14.977000,     9.522000 ] }, # HA
	{ id =  3, xyz = [    69.551000,    12.987000,     9.783000 ] }, # CB
	{ id =  4, xyz = [    70.089644,    12.600125,     8.905544 ] }, # HB2
	{ id =  5, xyz = [    70.183466,    12.790370,    10.660755 ] }, # HB3
	{ id =  6, xyz = [    68.238928,    12.224681,     9.935762 ] }, # CG
	{ id =  7, xyz = [    67.696526,    12.603347,    10.815119 ] }, # HG2
	{ id =  8, xyz = [    67.602686,    12.413110,     9.059130 ] }, # HG3
	{ id =  9, xyz = [    68.462550,    10.725891,    10.085886 ] }, # CD
	{ id = 10, xyz = [    69.002629,    10.343557,     9.207142 ] }, # HD2
	{ id = 11, xyz = [    69.097460,    10.533035,    10.963442 ] }, # HD3
	{ id = 12, xyz = [    67.193724,    10.012378,    10.231052 ] }, # NE
	{ id = 13, xyz = [    66.874215,     9.812934,    11.157224 ] }, # HE
	{ id = 14, xyz = [    66.436722,     9.611493,     9.213316 ] }, # CZ
	{ id = 15, xyz = [    66.812381,     9.854424,     7.964030 ] }, # NH1
	{ id = 16, xyz = [    67.667965,    10.340528,     7.785031 ] }, # HH11
	{ id = 17, xyz = [    66.240197,     9.551063,     7.201819 ] }, # HH12
	{ id = 18, xyz = [    65.309432,     8.951518,     9.445062 ] }, # NH2
	{ id = 19, xyz = [    65.029165,     8.755259,    10.385053 ] }, # HH21
	{ id = 20, xyz = [    64.739909,     8.650123,     8.680196 ] }, # HH22

	{ id =  1, xyz = [    11.835000,    14.174000,    21.993000 ] }, # H
	{ id =  2, xyz = [    70.354000,    14.977000,     9.522000 ] }, # HA
	{ id =  3, xyz = [    69.551000,    12.987000,     9.783000 ] }, # CB
	{ id =  4, xyz = [    70.089644,    12.600125,     8.905544 ] }, # HB2
	{ id =  5, xyz = [    70.183466,    12.790370,    10.660755 ] }, # HB3
	{ id =  6, xyz = [    68.238928,    12.224681,     9.935762 ] }, # CG
	{ id =  7, xyz = [    67.696526,    12.603347,    10.815119 ] }, # HG2
	{ id =  8, xyz = [    67.602686,    12.413110,     9.059130 ] }, # HG3
	{ id =  9, xyz = [    68.462550,    10.725891,    10.085886 ] }, # CD
	{ id = 10, xyz = [    69.002629,    10.343557,     9.207142 ] }, # HD2
	{ id = 11, xyz = [    69.097460,    10.533035,    10.963442 ] }, # HD3
	{ id = 12, xyz = [    67.193724,    10.012378,    10.231052 ] }, # NE
	{ id = 13, xyz = [    66.351589,    10.551164,    10.217717 ] }, # HE
	{ id = 14, xyz = [    67.085590,     8.694857,    10.379347 ] }, # CZ
	{ id = 15, xyz = [    68.171680,     7.932722,    10.399550 ] }, # NH1
	{ id = 16, xyz = [    69.076060,     8.348890,    10.303304 ] }, # HH11
	{ id = 17, xyz = [    68.085734,     6.942527,    10.511421 ] }, # HH12
	{ id = 18, xyz = [    65.889341,     8.139861,    10.524345 ] }, # NH2
	{ id = 19, xyz = [    65.069022,     8.712331,    10.522430 ] }, # HH21
	{ id = 20, xyz = [    65.807588,     7.149334,    10.635662 ] }, # HH22

	{ id =  1, xyz = [    11.835000,    14.174000,    21.993000 ] }, # H
	{ id =  2, xyz = [    70.354000,    14.977000,     9.522000 ] }, # HA
	{ id =  3, xyz = [    69.551000,    12.987000,     9.783000 ] }, # CB
	{ id =  4, xyz = [    70.089644,    12.600125,     8.905544 ] }, # HB2
	{ id =  5, xyz = [    70.183466,    12.790370,    10.660755 ] }, # HB3
	{ id =  6, xyz = [    68.238928,    12.224681,     9.935762 ] }, # CG
	{ id =  7, xyz = [    67.696526,    12.603347,    10.815119 ] }, # HG2
	{ id =  8, xyz = [    67.602686,    12.413110,     9.059130 ] }, # HG3
	{ id =  9, xyz = [    68.462550,    10.725891,    10.085886 ] }, # CD
	{ id = 10, xyz = [    69.002629,    10.343557,     9.207142 ] }, # HD2
	{ id = 11, xyz = [    69.097460,    10.533035,    10.963442 ] }, # HD3
	{ id = 12, xyz = [    67.193724,    10.012378,    10.231052 ] }, # NE
	{ id = 13, xyz = [    66.780650,     9.623396,     9.407813 ] }, # HE
	{ id = 14, xyz = [    66.553098,     9.846379,    11.384996 ] }, # CZ
	{ id = 15, xyz = [    67.059804,    10.338949,    12.508149 ] }, # NH1
	{ id = 16, xyz = [    67.926636,    10.837537,    12.488828 ] }, # HH11
	{ id = 17, xyz = [    66.574676,    10.211917,    13.373541 ] }, # HH12
	{ id = 18, xyz = [    65.394631,     9.200462,    11.413344 ] }, # NH2
	{ id = 19, xyz = [    65.003043,     8.838711,    10.566913 ] }, # HH21
	{ id = 20, xyz = [    64.912769,     9.075266,    12.280726 ] }, # HH22

	{ id =  1, xyz = [    11.835000,    14.174000,    21.993000 ] }, # H
	{ id =  2, xyz = [    70.354000,    14.977000,     9.522000 ] }, # HA
	{ id =  3, xyz = [    69.551000,    12.987000,     9.783000 ] }, # CB
	{ id =  4, xyz = [    70.089644,    12.600125,     8.905544 ] }, # HB2
	{ id =  5, xyz = [    70.183466,    12.790370,    10.660755 ] }, # HB3
	{ id =  6, xyz = [    68.238928,    12.224681,     9.935762 ] }, # CG
	{ id =  7, xyz = [    67.696526,    12.603347,    10.815119 ] }, # HG2
	{ id =  8, xyz = [    67.602686,    12.413110,     9.059130 ] }, # HG3
	{ id =  9, xyz = [    68.462550,    10.725891,    10.085886 ] }, # CD
	{ id = 10, xyz = [    69.129405,    10.536029,    10.939884 ] }, # HD2
	{ id = 11, xyz = [    67.505866,    10.229867,    10.307529 ] }, # HD3
	{ id = 12, xyz = [    69.043813,    10.152300,     8.872123 ] }, # NE
	{ id = 13, xyz = [    69.155849,    10.752295,     8.080218 ] }, # HE
	{ id = 14, xyz = [    69.433386,     8.886087,     8.751781 ] }, # CZ
	{ id = 15, xyz = [    69.310780,     8.048604,     9.773760 ] }, # NH1
	{ id = 16, xyz = [    68.923863,     8.368897,    10.638669 ] }, # HH11
	{ id = 17, xyz = [    69.604853,     7.097344,     9.678815 ] }, # HH12
	{ id = 18, xyz = [    69.931561,     8.452071,     7.601342 ] }, # NH2
	{ id = 19, xyz = [    70.013810,     9.077034,     6.824614 ] }, # HH21
	{ id = 20, xyz = [    70.224756,     7.500230,     7.510508 ] }, # HH22

	{ id =  1, xyz = [    11.835000,    14.174000,    21.993000 ] }, # H
	{ id =  2, xyz = [    70.354000,    14.977000,     9.522000 ] }, # HA
	{ id =  3, xyz = [    69.551000,    12.987000,     9.783000 ] }, # CB
	{ id =  4, xyz = [    70.089644,    12.600125,     8.905544 ] }, # HB2
	{ id =  5, xyz = [    70.183466,    12.790370,    10.660755 ] }, # HB3
	{ id =  6, xyz = [    68.238928,    12.224681,     9.935762 ] }, # CG
	{ id =  7, xyz = [    67.696526,    12.603347,    10.815119 ] }, # HG2
	{ id =  8, xyz = [    67.602686,    12.413110,     9.059130 ] }, # HG3
	{ id =  9, xyz = [    68.462550,    10.725891,    10.085886 ] }, # CD
	{ id = 10, xyz = [    69.129405,    10.536029,    10.939884 ] }, # HD2
	{ id = 11, xyz = [    67.505866,    10.229867,    10.307529 ] }, # HD3
	{ id = 12, xyz = [    69.043813,    10.152300,     8.872123 ] }, # NE
	{ id = 13, xyz = [    70.037839,    10.051860,     8.833603 ] }, # HE
	{ id = 14, xyz = [    68.338289,     9.755309,     7.816576 ] }, # CZ
	{ id = 15, xyz = [    67.015658,     9.862525,     7.817431 ] }, # NH1
	{ id = 16, xyz = [    66.545684,    10.243376,     8.613947 ] }, # HH11
	{ id = 17, xyz = [    66.489147,     9.562922,     7.021559 ] }, # HH12
	{ id = 18, xyz = [    68.958158,     9.265147,     6.750949 ] }, # NH2
	{ id = 19, xyz = [    69.955941,     9.194516,     6.741383 ] }, # HH21
	{ id = 20, xyz = [    68.428091,     8.966378,     5.957234 ] }, # HH22

	{ id =  1, xyz = [    11.835000,    14.174000,    21.993000 ] }, # H
	{ id =  2, xyz = [    70.354000,    14.977000,     9.522000 ] }, # HA
	{ id =  3, xyz = [    69.551000,    12.987000,     9.783000 ] }, # CB
	{ id =  4, xyz = [    70.114917,    12.786182,    10.705718 ] }, # HB2
	{ id =  5, xyz = [    68.564157,    12.516437,     9.900646 ] }, # HB3
	{ id =  6, xyz = [    70.274061,    12.336888,     8.608037 ] }, # CG
	{ id =  7, xyz = [    70.265266,    11.243672,     8.733160 ] }, # HG2
	{ id =  8, xyz = [    69.732247,    12.558943,     7.677487 ] }, # HG3
	{ id =  9, xyz = [    71.712683,    12.820414,     8.483594 ] }, # CD
	{ id = 10, xyz = [    72.159189,    12.417016,     7.562748 ] }, # HD2
	{ id = 11, xyz = [    71.727696,    13.916964,     8.395488 ] }, # HD3
	{ id = 12, xyz = [    72.512000,    12.409211,     9.637760 ] }, # NE
	{ id = 13, xyz = [    72.613279,    13.059581,    10.390369 ] }, # HE
	{ id = 14, xyz = [    73.112763,    11.227950,     9.752874 ] }, # CZ
	{ id = 15, xyz = [    73.006901,    10.326608,     8.784770 ] }, # NH1
	{ id = 16, xyz = [    72.473900,    10.534634,     7.964406 ] }, # HH11
	{ id = 17, xyz = [    73.460389,     9.439750,     8.875440 ] }, # HH12
	{ id = 18, xyz = [    73.834821,    10.953558,    10.831483 ] }, # NH2
	{ id = 19, xyz = [    73.927552,    11.635148,    11.557765 ] }, # HH21
	{ id = 20, xyz = [    74.286485,    10.065503,    10.918515 ] }, # HH22

	{ id =  1, xyz = [    11.835000,    14.174000,    21.993000 ] }, # H
	{ id =  2, xyz = [    70.354000,    14.977000,     9.522000 ] }, # HA
	{ id =  3, xyz = [    69.551000,    12.987000,     9.783000 ] }, # CB
	{ id =  4, xyz = [    70.114917,    12.786182,    10.705718 ] }, # HB2
	{ id =  5, xyz = [    68.564157,    12.516437,     9.900646 ] }, # HB3
	{ id =  6, xyz = [    70.274061,    12.336888,     8.608037 ] }, # CG
	{ id =  7, xyz = [    70.265266,    11.243672,     8.733160 ] }, # HG2
	{ id =  8, xyz = [    69.732247,    12.558943,     7.677487 ] }, # HG3
	{ id =  9, xyz = [    71.712683,    12.820414,     8.483594 ] }, # CD
	{ id = 10, xyz = [    72.159189,    12.417016,     7.562748 ] }, # HD2
	{ id = 11, xyz = [    71.727696,    13.916964,     8.395488 ] }, # HD3
	{ id = 12, xyz = [    72.512000,    12.409211,     9.637760 ] }, # NE
	{ id = 13, xyz = [    72.079789,    11.816163,    10.316837 ] }, # HE
	{ id = 14, xyz = [    73.775279,    12.771379,     9.843937 ] }, # CZ
	{ id = 15, xyz = [    74.397543,    13.554043,     8.971542 ] }, # NH1
	{ id = 16, xyz = [    73.916257,    13.874108,     8.155280 ] }, # HH11
	{ id = 17, xyz = [    75.347383,    13.824022,     9.130619 ] }, # HH12
	{ id = 18, xyz = [    74.412673,    12.363324,    10.933559 ] }, # NH2
	{ id = 19, xyz = [    73.943032,    11.783669,    11.599959 ] }, # HH21
	{ id = 20, xyz = [    75.362502,    12.635217,    11.088849 ] }, # HH22

	{ id =  1, xyz = [    11.835000,    14.174000,    21.993000 ] }, # H
	{ id =  2, xyz = [    70.354000,    14.977000,     9.522000 ] }, # HA
	{ id =  3, xyz = [    69.551000,    12.987000,     9.783000 ] }, # CB
	{ id =  4, xyz = [    70.114917,    12.786182,    10.705718 ] }, # HB2
	{ id =  5, xyz = [    68.564157,    12.516437,     9.900646 ] }, # HB3
	{ id =  6, xyz = [    70.274061,    12.336888,     8.608037 ] }, # CG
	{ id =  7, xyz = [    70.265266,    11.243672,     8.733160 ] }, # HG2
	{ id =  8, xyz = [    69.732247,    12.558943,     7.677487 ] }, # HG3
	{ id =  9, xyz = [    71.712683,    12.820414,     8.483594 ] }, # CD
	{ id = 10, xyz = [    71.725018,    13.912943,     8.355978 ] }, # HD2
	{ id = 11, xyz = [    72.258884,    12.598257,     9.412421 ] }, # HD3
	{ id = 12, xyz = [    72.389204,    12.186312,     7.352079 ] }, # NE
	{ id = 13, xyz = [    72.934628,    11.368283,     7.533738 ] }, # HE
	{ id = 14, xyz = [    72.326987,    12.625173,     6.097856 ] }, # CZ
	{ id = 15, xyz = [    71.613645,    13.704116,     5.801423 ] }, # NH1
	{ id = 16, xyz = [    71.120358,    14.190743,     6.522688 ] }, # HH11
	{ id = 17, xyz = [    71.569768,    14.030673,     4.857059 ] }, # HH12
	{ id = 18, xyz = [    72.993135,    11.993106,     5.140362 ] }, # NH2
	{ id = 19, xyz = [    73.542271,    11.186861,     5.361875 ] }, # HH21
	{ id = 20, xyz = [    72.946466,    12.322604,     4.197244 ] }, # HH22

	{ id =  1, xyz = [    11.835000,    14.174000,    21.993000 ] }, # H
	{ id =  2, xyz = [    70.354000,    14.977000,     9.522000 ] }, # HA
	{ id =  3, xyz = [    69.551000,    12.987000,     9.783000 ] }, # CB
	{ id =  4, xyz = [    70.114917,    12.786182,    10.705718 ] }, # HB2
	{ id =  5, xyz = [    68.564157,    12.516437,     9.900646 ] }, # HB3
	{ id =  6, xyz = [    70.274061,    12.336888,     8.608037 ] }, # CG
	{ id =  7, xyz = [    70.265266,    11.243672,     8.733160 ] }, # HG2
	{ id =  8, xyz = [    69.732247,    12.558943,     7.677487 ] }, # HG3
	{ id =  9, xyz = [    71.712683,    12.820414,     8.483594 ] }, # CD
	{ id = 10, xyz = [    71.725018,    13.912943,     8.355978 ] }, # HD2
	{ id = 11, xyz = [    72.258884,    12.598257,     9.412421 ] }, # HD3
	{ id = 12, xyz = [    72.389204,    12.186312,     7.352079 ] }, # NE
	{ id = 13, xyz = [    71.867348,    11.533918,     6.802800 ] }, # HE
	{ id = 14, xyz = [    73.651984,    12.419865,     7.005112 ] }, # CZ
	{ id = 15, xyz = [    74.387809,    13.279832,     7.697836 ] }, # NH1
	{ id = 16, xyz = [    73.993103,    13.755016,     8.484455 ] }, # HH11
	{ id = 17, xyz = [    75.336902,    13.452296,     7.433512 ] }, # HH12
	{ id = 18, xyz = [    74.185308,    11.779512,     5.972848 ] }, # NH2
	{ id = 19, xyz = [    73.637796,    11.120995,     5.455899 ] }, # HH21
	{ id = 20, xyz = [    75.134597,    11.954960,     5.711534 ] }, # HH22

	{ id =  1, xyz = [    11.835000,    14.174000,    21.993000 ] }, # H
	{ id =  2, xyz = [    70.354000,    14.977000,     9.522000 ] }, # HA
	{ id =  3, xyz = [    69.551000,    12.987000,     9.783000 ] }, # CB
	{ id =  4, xyz = [    70.114917,    12.786182,    10.705718 ] }, # HB2
	{ id =  5, xyz = [    68.564157,    12.516437,     9.900646 ] }, # HB3
	{ id =  6, xyz = [    70.274061,    12.336888,     8.608037 ] }, # CG
	{ id =  7, xyz = [    69.712604,    12.529672,     7.681508 ] }, # HG2
	{ id =  8, xyz = [    71.264015,    12.799624,     8.486953 ] }, # HG3
	{ id =  9, xyz = [    70.437425,    10.834777,     8.797474 ] }, # CD
	{ id = 10, xyz = [    71.060047,    10.426313,     7.987810 ] }, # HD2
	{ id = 11, xyz = [    70.966077,    10.636705,     9.741775 ] }, # HD3
	{ id = 12, xyz = [    69.140716,    10.157643,     8.808903 ] }, # NE
	{ id = 13, xyz = [    68.715600,     9.979298,     9.696106 ] }, # HE
	{ id = 14, xyz = [    68.489468,     9.763644,     7.717946 ] }, # CZ
	{ id = 15, xyz = [    69.007200,     9.979615,     6.515383 ] }, # NH1
	{ id = 16, xyz = [    69.890664,    10.440098,     6.427013 ] }, # HH11
	{ id = 17, xyz = [    68.514163,     9.681553,     5.697787 ] }, # HH12
	{ id = 18, xyz = [    67.325346,     9.137380,     7.830510 ] }, # NH2
	{ id = 19, xyz = [    66.937784,     8.961348,     8.735749 ] }, # HH21
	{ id = 20, xyz = [    66.835301,     8.841176,     7.010549 ] }, # HH22

	{ id =  1, xyz = [    11.835000,    14.174000,    21.993000 ] }, # H
	{ id =  2, xyz = [    70.354000,    14.977000,     9.522000 ] }, # HA
	{ id =  3, xyz = [    69.551000,    12.987000,     9.783000 ] }, # CB
	{ id =  4, xyz = [    70.114917,    12.786182,    10.705718 ] }, # HB2
	{ id =  5, xyz = [    68.564157,    12.516437,     9.900646 ] }, # HB3
	{ id =  6, xyz = [    70.274061,    12.336888,     8.608037 ] }, # CG
	{ id =  7, xyz = [    69.712604,    12.529672,     7.681508 ] }, # HG2
	{ id =  8, xyz = [    71.264015,    12.799624,     8.486953 ] }, # HG3
	{ id =  9, xyz = [    70.437425,    10.834777,     8.797474 ] }, # CD
	{ id = 10, xyz = [    71.060047,    10.426313,     7.987810 ] }, # HD2
	{ id = 11, xyz = [    70.966077,    10.636705,     9.741775 ] }, # HD3
	{ id = 12, xyz = [    69.140716,    10.157643,     8.808903 ] }, # NE
	{ id = 13, xyz = [    68.326389,    10.706487,     8.621017 ] }, # HE
	{ id = 14, xyz = [    68.972747,     8.860689,     9.052303 ] }, # CZ
	{ id = 15, xyz = [    70.020540,     8.086134,     9.303390 ] }, # NH1
	{ id = 16, xyz = [    70.940984,     8.477406,     9.310341 ] }, # HH11
	{ id = 17, xyz = [    69.889617,     7.111508,     9.486019 ] }, # HH12
	{ id = 18, xyz = [    67.752458,     8.340231,     9.060917 ] }, # NH2
	{ id = 19, xyz = [    66.958968,     8.923296,     8.884684 ] }, # HH21
	{ id = 20, xyz = [    67.625752,     7.365159,     9.243667 ] }, # HH22

	{ id =  1, xyz = [    11.835000,    14.174000,    21.993000 ] }, # H
	{ id =  2, xyz = [    70.354000,    14.977000,     9.522000 ] }, # HA
	{ id =  3, xyz = [    69.551000,    12.987000,     9.783000 ] }, # CB
	{ id =  4, xyz = [    70.114917,    12.786182,    10.705718 ] }, # HB2
	{ id =  5, xyz = [    68.564157,    12.516437,     9.900646 ] }, # HB3
	{ id =  6, xyz = [    70.274061,    12.336888,     8.608037 ] }, # CG
	{ id =  7, xyz = [    69.712604,    12.529672,     7.681508 ] }, # HG2
	{ id =  8, xyz = [    71.264015,    12.799624,     8.486953 ] }, # HG3
	{ id =  9, xyz = [    70.437425,    10.834777,     8.797474 ] }, # CD
	{ id = 10, xyz = [    71.060047,    10.426313,     7.987810 ] }, # HD2
	{ id = 11, xyz = [    70.966077,    10.636705,     9.741775 ] }, # HD3
	{ id = 12, xyz = [    69.140716,    10.157643,     8.808903 ] }, # NE
	{ id = 13, xyz = [    68.667932,    10.040867,     7.935692 ] }, # HE
	{ id = 14, xyz = [    68.548855,     9.686806,     9.903234 ] }, # CZ
	{ id = 15, xyz = [    69.135131,     9.811798,    11.087086 ] }, # NH1
	{ id = 16, xyz = [    70.025483,    10.261791,    11.158785 ] }, # HH11
	{ id = 17, xyz = [    68.686449,     9.456442,    11.907328 ] }, # HH12
	{ id = 18, xyz = [    67.360173,     9.104198,     9.815718 ] }, # NH2
	{ id = 19, xyz = [    66.909151,     9.019406,     8.926876 ] }, # HH21
	{ id = 20, xyz = [    66.914943,     8.749896,    10.638189 ] }, # HH22

	{ id =  1, xyz = [    11.835000,    14.174000,    21.993000 ] }, # H
	{ id =  2, xyz = [    70.354000,    14.977000,     9.522000 ] }, # HA
	{ id =  3, xyz = [    69.551000,    12.987000,     9.783000 ] }, # CB
	{ id =  4, xyz = [    70.114917,    12.786182,    10.705718 ] }, # HB2
	{ id =  5, xyz = [    68.564157,    12.516437,     9.900646 ] }, # HB3
	{ id =  6, xyz = [    70.274061,    12.336888,     8.608037 ] }, # CG
	{ id =  7, xyz = [    69.712604,    12.529672,     7.681508 ] }, # HG2
	{ id =  8, xyz = [    71.264015,    12.799624,     8.486953 ] }, # HG3
	{ id =  9, xyz = [    70.437425,    10.834777,     8.797474 ] }, # CD
	{ id = 10, xyz = [    71.000494,    10.638523,     9.721862 ] }, # HD2
	{ id = 11, xyz = [    69.448538,    10.367668,     8.917153 ] }, # HD3
	{ id = 12, xyz = [    71.132487,    10.229543,     7.661395 ] }, # NE
	{ id = 13, xyz = [    70.575833,     9.832973,     6.931650 ] }, # HE
	{ id = 14, xyz = [    72.455388,    10.171804,     7.534331 ] }, # CZ
	{ id = 15, xyz = [    73.240455,    10.686768,     8.472057 ] }, # NH1
	{ id = 16, xyz = [    72.837636,    11.120200,     9.278429 ] }, # HH11
	{ id = 17, xyz = [    74.234630,    10.641005,     8.372507 ] }, # HH12
	{ id = 18, xyz = [    72.994701,     9.582988,     6.474852 ] }, # NH2
	{ id = 19, xyz = [    72.406399,     9.182321,     5.771989 ] }, # HH21
	{ id = 20, xyz = [    73.989241,     9.539541,     6.378838 ] }, # HH22

	{ id =  1, xyz = [    11.835000,    14.174000,    21.993000 ] }, # H
	{ id =  2, xyz = [    70.354000,    14.977000,     9.522000 ] }, # HA
	{ id =  3, xyz = [    69.551000,    12.987000,     9.783000 ] }, # CB
	{ id =  4, xyz = [    70.114917,    12.786182,    10.705718 ] }, # HB2
	{ id =  5, xyz = [    68.564157,    12.516437,     9.900646 ] }, # HB3
	{ id =  6, xyz = [    70.274061,    12.336888,     8.608037 ] }, # CG
	{ id =  7, xyz = [    69.712604,    12.529672,     7.681508 ] }, # HG2
	{ id =  8, xyz = [    71.264015,    12.799624,     8.486953 ] }, # HG3
	{ id =  9, xyz = [    70.437425,    10.834777,     8.797474 ] }, # CD
	{ id = 10, xyz = [    71.000494,    10.638523,     9.721862 ] }, # HD2
	{ id = 11, xyz = [    69.448538,    10.367668,     8.917153 ] }, # HD3
	{ id = 12, xyz = [    71.132487,    10.229543,     7.661395 ] }, # NE
	{ id = 13, xyz = [    71.415824,    10.830421,     6.914184 ] }, # HE
	{ id = 14, xyz = [    71.412861,     8.933443,     7.556227 ] }, # CZ
	{ id = 15, xyz = [    71.062819,     8.092962,     8.521583 ] }, # NH1
	{ id = 16, xyz = [    70.585954,     8.433548,     9.332115 ] }, # HH11
	{ id = 17, xyz = [    71.275496,     7.119196,     8.438289 ] }, # HH12
	{ id = 18, xyz = [    72.030169,     8.474110,     6.475486 ] }, # NH2
	{ id = 19, xyz = [    72.284341,     9.102496,     5.739839 ] }, # HH21
	{ id = 20, xyz = [    72.241326,     7.499775,     6.396112 ] }, # HH22

	{ id =  1, xyz = [    11.835000,    14.174000,    21.993000 ] }, # H
	{ id =  2, xyz = [    70.354000,    14.977000,     9.522000 ] }, # HA
	{ id =  3, xyz = [    69.551000,    12.987000,     9.783000 ] }, # CB
	{ id =  4, xyz = [    70.114917,    12.786182,    10.705718 ] }, # HB2
	{ id =  5, xyz = [    68.564157,    12.516437,     9.900646 ] }, # HB3
	{ id =  6, xyz = [    70.274061,    12.336888,     8.608037 ] }, # CG
	{ id =  7, xyz = [    69.712604,    12.529672,     7.681508 ] }, # HG2
	{ id =  8, xyz = [    71.264015,    12.799624,     8.486953 ] }, # HG3
	{ id =  9, xyz = [    70.437425,    10.834777,     8.797474 ] }, # CD
	{ id = 10, xyz = [    71.000494,    10.638523,     9.721862 ] }, # HD2
	{ id = 11, xyz = [    69.448538,    10.367668,     8.917153 ] }, # HD3
	{ id = 12, xyz = [    71.132487,    10.229543,     7.661395 ] }, # NE
	{ id = 13, xyz = [    72.121474,    10.101908,     7.734013 ] }, # HE
	{ id = 14, xyz = [    70.536659,     9.837545,     6.538509 ] }, # CZ
	{ id = 15, xyz = [    69.225540,     9.980282,     6.392072 ] }, # NH1
	{ id = 16, xyz = [    68.681586,    10.384275,     7.127779 ] }, # HH11
	{ id = 17, xyz = [    68.781695,     9.684297,     5.546032 ] }, # HH12
	{ id = 18, xyz = [    71.256105,     9.316651,     5.553053 ] }, # NH2
	{ id = 19, xyz = [    72.246475,     9.219099,     5.654553 ] }, # HH21
	{ id = 20, xyz = [    70.808513,     9.021625,     4.708756 ] }, # HH22

	{ id =  1, xyz = [    11.835000,    14.174000,    21.993000 ] }, # H
	{ id =  2, xyz = [    70.354000,    14.977000,     9.522000 ] }, # HA
	{ id =  3, xyz = [    69.551000,    12.987000,     9.783000 ] }, # CB
	{ id =  4, xyz = [    70.114917,    12.786182,    10.705718 ] }, # HB2
	{ id =  5, xyz = [    68.564157,    12.516437,     9.900646 ] }, # HB3
	{ id =  6, xyz = [    70.274061,    12.336888,     8.608037 ] }, # CG
	{ id =  7, xyz = [    69.712604,    12.529672,     7.681508 ] }, # HG2
	{ id =  8, xyz = [    71.264015,    12.799624,     8.486953 ] }, # HG3
	{ id =  9, xyz = [    70.437425,    10.834777,     8.797474 ] }, # CD
	{ id = 10, xyz = [    69.451502,    10.373528,     8.956412 ] }, # HD2
	{ id = 11, xyz = [    70.857419,    10.390449,     7.882822 ] }, # HD3
	{ id = 12, xyz = [    71.308490,    10.535288,     9.933979 ] }, # NE
	{ id = 13, xyz = [    72.291880,    10.672548,     9.816661 ] }, # HE
	{ id = 14, xyz = [    70.879630,    10.092847,    11.112907 ] }, # CZ
	{ id = 15, xyz = [    69.584017,     9.897668,    11.323004 ] }, # NH1
	{ id = 16, xyz = [    68.925886,    10.083177,    10.593065 ] }, # HH11
	{ id = 17, xyz = [    69.265983,     9.564752,    12.210929 ] }, # HH12
	{ id = 18, xyz = [    71.750036,     9.829214,    12.078800 ] }, # NH2
	{ id = 19, xyz = [    72.728614,     9.962917,    11.920187 ] }, # HH21
	{ id = 20, xyz = [    71.428011,     9.496752,    12.965358 ] }, # HH22

	{ id =  1, xyz = [    11.835000,    14.174000,    21.993000 ] }, # H
	{ id =  2, xyz = [    70.354000,    14.977000,     9.522000 ] }, # HA
	{ id =  3, xyz = [    69.551000,    12.987000,     9.783000 ] }, # CB
	{ id =  4, xyz = [    70.114917,    12.786182,    10.705718 ] }, # HB2
	{ id =  5, xyz = [    68.564157,    12.516437,     9.900646 ] }, # HB3
	{ id =  6, xyz = [    70.274061,    12.336888,     8.608037 ] }, # CG
	{ id =  7, xyz = [    69.712604,    12.529672,     7.681508 ] }, # HG2
	{ id =  8, xyz = [    71.264015,    12.799624,     8.486953 ] }, # HG3
	{ id =  9, xyz = [    70.437425,    10.834777,     8.797474 ] }, # CD
	{ id = 10, xyz = [    69.451502,    10.373528,     8.956412 ] }, # HD2
	{ id = 11, xyz = [    70.857419,    10.390449,     7.882822 ] }, # HD3
	{ id = 12, xyz = [    71.308490,    10.535288,     9.933979 ] }, # NE
	{ id = 13, xyz = [    71.749885,    11.302969,    10.398195 ] }, # HE
	{ id = 14, xyz = [    71.552282,     9.310066,    10.391083 ] }, # CZ
	{ id = 15, xyz = [    70.988584,     8.256468,     9.814001 ] }, # NH1
	{ id = 16, xyz = [    70.377904,     8.382169,     9.031933 ] }, # HH11
	{ id = 17, xyz = [    71.174802,     7.337021,    10.160885 ] }, # HH12
	{ id = 18, xyz = [    72.374809,     9.136718,    11.417463 ] }, # NH2
	{ id = 19, xyz = [    72.811692,     9.927385,    11.847149 ] }, # HH21
	{ id = 20, xyz = [    72.558210,     8.215753,    11.761562 ] }, # HH22

	{ id =  1, xyz = [    11.835000,    14.174000,    21.993000 ] }, # H
	{ id =  2, xyz = [    70.354000,    14.977000,     9.522000 ] }, # HA
	{ id =  3, xyz = [    69.551000,    12.987000,     9.783000 ] }, # CB
	{ id =  4, xyz = [    70.114917,    12.786182,    10.705718 ] }, # HB2
	{ id =  5, xyz = [    68.564157,    12.516437,     9.900646 ] }, # HB3
	{ id =  6, xyz = [    70.274061,    12.336888,     8.608037 ] }, # CG
	{ id =  7, xyz = [    69.712604,    12.529672,     7.681508 ] }, # HG2
	{ id =  8, xyz = [    71.264015,    12.799624,     8.486953 ] }, # HG3
	{ id =  9, xyz = [    70.437425,    10.834777,     8.797474 ] }, # CD
	{ id = 10, xyz = [    69.451502,    10.373528,     8.956412 ] }, # HD2
	{ id = 11, xyz = [    70.857419,    10.390449,     7.882822 ] }, # HD3
	{ id = 12, xyz = [    71.308490,    10.535288,     9.933979 ] }, # NE
	{ id = 13, xyz = [    70.876781,    10.355434,    10.817687 ] }, # HE
	{ id = 14, xyz = [    72.636288,    10.486056,     9.870148 ] }, # CZ
	{ id = 15, xyz = [    73.259478,    10.712672,     8.720744 ] }, # NH1
	{ id = 16, xyz = [    72.730339,    10.921755,     7.898152 ] }, # HH11
	{ id = 17, xyz = [    74.258011,    10.674777,     8.677340 ] }, # HH12
	{ id = 18, xyz = [    73.343446,    10.225809,    10.962053 ] }, # NH2
	{ id = 19, xyz = [    72.877983,    10.066981,    11.833127 ] }, # HH21
	{ id = 20, xyz = [    74.341724,    10.188504,    10.914456 ] }, # HH22

	{ id =  1, xyz = [    11.835000,    14.174000,    21.993000 ] }, # H
	{ id =  2, xyz = [    70.354000,    14.977000,     9.522000 ] }, # HA
	{ id =  3, xyz = [    69.551000,    12.987000,     9.783000 ] }, # CB
	{ id =  4, xyz = [    68.578412,    12.529510,    10.016481 ] }, # HB2
	{ id =  5, xyz = [    69.881390,    12.566780,     8.822070 ] }, # HB3
	{ id =  6, xyz = [    70.553887,    12.600292,    10.864978 ] }, # CG
	{ id =  7, xyz = [    71.531192,    13.050790,    10.635234 ] }, # HG2
	{ id =  8, xyz = [    70.227611,    13.013586,    11.830134 ] }, # HG3
	{ id =  9, xyz = [    70.708964,    11.090381,    10.987588 ] }, # CD
	{ id = 10, xyz = [    71.349904,    10.854089,    11.849805 ] }, # HD2
	{ id = 11, xyz = [    69.727378,    10.632522,    11.180623 ] }, # HD3
	{ id = 12, xyz = [    71.288550,    10.516518,     9.773151 ] }, # NE
	{ id = 13, xyz = [    70.661827,    10.153441,     9.083911 ] }, # HE
	{ id = 14, xyz = [    72.593443,    10.445725,     9.524578 ] }, # CZ
	{ id = 15, xyz = [    73.468343,    10.916719,    10.404103 ] }, # NH1
	{ id = 16, xyz = [    73.147169,    11.326678,    11.258001 ] }, # HH11
	{ id = 17, xyz = [    74.448579,    10.861291,    10.213176 ] }, # HH12
	{ id = 18, xyz = [    73.025124,     9.887630,     8.401084 ] }, # NH2
	{ id = 19, xyz = [    72.369247,     9.519928,     7.741334 ] }, # HH21
	{ id = 20, xyz = [    74.006081,     9.834386,     8.213722 ] }, # HH22

	{ id =  1, xyz = [    11.835000,    14.174000,    21.993000 ] }, # H
	{ id =  2, xyz = [    70.354000,    14.977000,     9.522000 ] }, # HA
	{ id =  3, xyz = [    69.551000,    12.987000,     9.783000 ] }, # CB
	{ id =  4, xyz = [    68.578412,    12.529510,    10.016481 ] }, # HB2
	{ id =  5, xyz = [    69.881390,    12.566780,     8.822070 ] }, # HB3
	{ id =  6, xyz = [    70.553887,    12.600292,    10.864978 ] }, # CG
	{ id =  7, xyz = [    71.531192,    13.050790,    10.635234 ] }, # HG2
	{ id =  8, xyz = [    70.227611,    13.013586,    11.830134 ] }, # HG3
	{ id =  9, xyz = [    70.708964,    11.090381,    10.987588 ] }, # CD
	{ id = 10, xyz = [    71.349904,    10.854089,    11.849805 ] }, # HD2
	{ id = 11, xyz = [    69.727378,    10.632522,    11.180623 ] }, # HD3
	{ id = 12, xyz = [    71.288550,    10.516518,     9.773151 ] }, # NE
	{ id = 13, xyz = [    71.583638,    11.146175,     9.054740 ] }, # HE
	{ id = 14, xyz = [    71.449363,     9.213187,     9.560987 ] }, # CZ
	{ id = 15, xyz = [    71.078481,     8.334601,    10.483690 ] }, # NH1
	{ id = 16, xyz = [    70.675979,     8.651801,    11.342606 ] }, # HH11
	{ id = 17, xyz = [    71.201098,     7.355556,    10.319908 ] }, # HH12
	{ id = 18, xyz = [    71.967162,     8.786605,     8.416448 ] }, # NH2
	{ id = 19, xyz = [    72.236228,     9.445148,     7.713187 ] }, # HH21
	{ id = 20, xyz = [    72.088421,     7.806826,     8.256617 ] }, # HH22

	{ id =  1, xyz = [    11.835000,    14.174000,    21.993000 ] }, # H
	{ id =  2, xyz = [    70.354000,    14.977000,     9.522000 ] }, # HA
	{ id =  3, xyz = [    69.551000,    12.987000,     9.783000 ] }, # CB
	{ id =  4, xyz = [    68.578412,    12.529510,    10.016481 ] }, # HB2
	{ id =  5, xyz = [    69.881390,    12.566780,     8.822070 ] }, # HB3
	{ id =  6, xyz = [    70.553887,    12.600292,    10.864978 ] }, # CG
	{ id =  7, xyz = [    71.531192,    13.050790,    10.635234 ] }, # HG2
	{ id =  8, xyz = [    70.227611,    13.013586,    11.830134 ] }, # HG3
	{ id =  9, xyz = [    70.708964,    11.090381,    10.987588 ] }, # CD
	{ id = 10, xyz = [    71.349904,    10.854089,    11.849805 ] }, # HD2
	{ id = 11, xyz = [    69.727378,    10.632522,    11.180623 ] }, # HD3
	{ id = 12, xyz = [    71.288550,    10.516518,     9.773151 ] }, # NE
	{ id = 13, xyz = [    72.267042,    10.648782,     9.615928 ] }, # HE
	{ id = 14, xyz = [    70.600846,     9.830424,     8.864369 ] }, # CZ
	{ id = 15, xyz = [    69.300356,     9.622411,     9.026551 ] }, # NH1
	{ id = 16, xyz = [    68.833640,     9.982434,     9.834586 ] }, # HH11
	{ id = 17, xyz = [    68.787149,     9.106119,     8.340657 ] }, # HH12
	{ id = 18, xyz = [    71.211858,     9.365318,     7.782520 ] }, # NH2
	{ id = 19, xyz = [    72.189478,     9.530952,     7.650330 ] }, # HH21
	{ id = 20, xyz = [    70.695237,     8.849275,     7.099132 ] }, # HH22

	{ id =  1, xyz = [    11.835000,    14.174000,    21.993000 ] }, # H
	{ id =  2, xyz = [    70.354000,    14.977000,     9.522000 ] }, # HA
	{ id =  3, xyz = [    69.551000,    12.987000,     9.783000 ] }, # CB
	{ id =  4, xyz = [    68.578412,    12.529510,    10.016481 ] }, # HB2
	{ id =  5, xyz = [    69.881390,    12.566780,     8.822070 ] }, # HB3
	{ id =  6, xyz = [    70.553887,    12.600292,    10.864978 ] }, # CG
	{ id =  7, xyz = [    71.531192,    13.050790,    10.635234 ] }, # HG2
	{ id =  8, xyz = [    70.227611,    13.013586,    11.830134 ] }, # HG3
	{ id =  9, xyz = [    70.708964,    11.090381,    10.987588 ] }, # CD
	{ id = 10, xyz = [    69.733970,    10.636949,    11.219628 ] }, # HD2
	{ id = 11, xyz = [    71.037284,    10.673135,    10.023989 ] }, # HD3
	{ id = 12, xyz = [    71.674056,    10.739330,    12.029440 ] }, # NE
	{ id = 13, xyz = [    72.619663,    10.571148,    11.751587 ] }, # HE
	{ id = 14, xyz = [    71.377650,    10.629182,    13.321553 ] }, # CZ
	{ id = 15, xyz = [    70.138666,    10.845980,    13.744363 ] }, # NH1
	{ id = 16, xyz = [    69.423471,    11.093017,    13.090277 ] }, # HH11
	{ id = 17, xyz = [    69.920217,    10.761907,    14.716783 ] }, # HH12
	{ id = 18, xyz = [    72.318987,    10.285252,    14.190836 ] }, # NH2
	{ id = 19, xyz = [    73.251330,    10.108546,    13.874352 ] }, # HH21
	{ id = 20, xyz = [    72.096608,    10.202526,    15.162392 ] }, # HH22

	{ id =  1, xyz = [    11.835000,    14.174000,    21.993000 ] }, # H
	{ id =  2, xyz = [    70.354000,    14.977000,     9.522000 ] }, # HA
	{ id =  3, xyz = [    69.551000,    12.987000,     9.783000 ] }, # CB
	{ id =  4, xyz = [    68.578412,    12.529510,    10.016481 ] }, # HB2
	{ id =  5, xyz = [    69.881390,    12.566780,     8.822070 ] }, # HB3
	{ id =  6, xyz = [    70.553887,    12.600292,    10.864978 ] }, # CG
	{ id =  7, xyz = [    71.531192,    13.050790,    10.635234 ] }, # HG2
	{ id =  8, xyz = [    70.227611,    13.013586,    11.830134 ] }, # HG3
	{ id =  9, xyz = [    70.708964,    11.090381,    10.987588 ] }, # CD
	{ id = 10, xyz = [    69.733970,    10.636949,    11.219628 ] }, # HD2
	{ id = 11, xyz = [    71.037284,    10.673135,    10.023989 ] }, # HD3
	{ id = 12, xyz = [    71.674056,    10.739330,    12.029440 ] }, # NE
	{ id = 13, xyz = [    72.111818,    11.485822,    12.530214 ] }, # HE
	{ id = 14, xyz = [    72.007849,     9.493514,    12.355123 ] }, # CZ
	{ id = 15, xyz = [    71.453376,     8.465981,    11.724579 ] }, # NH1
	{ id = 16, xyz = [    70.781804,     8.626987,    11.001096 ] }, # HH11
	{ id = 17, xyz = [    71.707404,     7.530915,    11.972591 ] }, # HH12
	{ id = 18, xyz = [    72.910603,     9.274998,    13.302405 ] }, # NH2
	{ id = 19, xyz = [    73.340262,    10.047137,    13.771280 ] }, # HH21
	{ id = 20, xyz = [    73.161692,     8.338516,    13.547705 ] }, # HH22

	{ id =  1, xyz = [    11.835000,    14.174000,    21.993000 ] }, # H
	{ id =  2, xyz = [    70.354000,    14.977000,     9.522000 ] }, # HA
	{ id =  3, xyz = [    69.551000,    12.987000,     9.783000 ] }, # CB
	{ id =  4, xyz = [    68.578412,    12.529510,    10.016481 ] }, # HB2
	{ id =  5, xyz = [    69.881390,    12.566780,     8.822070 ] }, # HB3
	{ id =  6, xyz = [    70.553887,    12.600292,    10.864978 ] }, # CG
	{ id =  7, xyz = [    71.531192,    13.050790,    10.635234 ] }, # HG2
	{ id =  8, xyz = [    70.227611,    13.013586,    11.830134 ] }, # HG3
	{ id =  9, xyz = [    70.708964,    11.090381,    10.987588 ] }, # CD
	{ id = 10, xyz = [    69.733970,    10.636949,    11.219628 ] }, # HD2
	{ id = 11, xyz = [    71.037284,    10.673135,    10.023989 ] }, # HD3
	{ id = 12, xyz = [    71.674056,    10.739330,    12.029440 ] }, # NE
	{ id = 13, xyz = [    71.321012,    10.534090,    12.942071 ] }, # HE
	{ id = 14, xyz = [    72.989675,    10.674737,    11.843646 ] }, # CZ
	{ id = 15, xyz = [    73.510168,    10.933556,    10.650772 ] }, # NH1
	{ id = 16, xyz = [    72.912420,    11.178617,     9.887225 ] }, # HH11
	{ id = 17, xyz = [    74.499944,    10.883947,    10.515598 ] }, # HH12
	{ id = 18, xyz = [    73.788169,    10.366656,    12.857328 ] }, # NH2
	{ id = 19, xyz = [    73.400719,    10.183323,    13.761165 ] }, # HH21
	{ id = 20, xyz = [    74.777321,    10.317789,    12.718024 ] }, # HH22

	{ id =  1, xyz = [    11.835000,    14.174000,    21.993000 ] }, # H
	{ id =  2, xyz = [    70.354000,    14.977000,     9.522000 ] }, # HA
	{ id =  3, xyz = [    69.551000,    12.987000,     9.783000 ] }, # CB
	{ id =  4, xyz = [    68.578412,    12.529510,    10.016481 ] }, # HB2
	{ id =  5, xyz = [    69.881390,    12.566780,     8.822070 ] }, # HB3
	{ id =  6, xyz = [    70.553887,    12.600292,    10.864978 ] }, # CG
	{ id =  7, xyz = [    71.531192,    13.050790,    10.635234 ] }, # HG2
	{ id =  8, xyz = [    70.227611,    13.013586,    11.830134 ] }, # HG3
	{ id =  9, xyz = [    70.708964,    11.090381,    10.987588 ] }, # CD
	{ id = 10, xyz = [    70.999040,    10.668961,    10.013772 ] }, # HD2
	{ id = 11, xyz = [    71.520125,    10.858311,    11.693684 ] }, # HD3
	{ id = 12, xyz = [    69.467288,    10.465051,    11.442886 ] }, # NE
	{ id = 13, xyz = [    69.222156,    10.563055,    12.407233 ] }, # HE
	{ id = 14, xyz = [    68.642639,     9.775087,    10.659656 ] }, # CZ
	{ id = 15, xyz = [    68.918593,     9.618448,     9.371183 ] }, # NH1
	{ id = 16, xyz = [    69.749656,    10.019839,     8.985722 ] }, # HH11
	{ id = 17, xyz = [    68.295815,     9.098775,     8.785968 ] }, # HH12
	{ id = 18, xyz = [    67.547685,     9.226414,    11.169647 ] }, # NH2
	{ id = 19, xyz = [    67.342665,     9.331440,    12.143087 ] }, # HH21
	{ id = 20, xyz = [    66.927326,     8.707775,    10.581103 ] }, # HH22

	{ id =  1, xyz = [    11.835000,    14.174000,    21.993000 ] }, # H
	{ id =  2, xyz = [    70.354000,    14.977000,     9.522000 ] }, # HA
	{ id =  3, xyz = [    69.551000,    12.987000,     9.783000 ] }, # CB
	{ id =  4, xyz = [    68.578412,    12.529510,    10.016481 ] }, # HB2
	{ id =  5, xyz = [    69.881390,    12.566780,     8.822070 ] }, # HB3
	{ id =  6, xyz = [    70.553887,    12.600292,    10.864978 ] }, # CG
	{ id =  7, xyz = [    71.531192,    13.050790,    10.635234 ] }, # HG2
	{ id =  8, xyz = [    70.227611,    13.013586,    11.830134 ] }, # HG3
	{ id =  9, xyz = [    70.708964,    11.090381,    10.987588 ] }, # CD
	{ id = 10, xyz = [    70.999040,    10.668961,    10.013772 ] }, # HD2
	{ id = 11, xyz = [    71.520125,    10.858311,    11.693684 ] }, # HD3
	{ id = 12, xyz = [    69.467288,    10.465051,    11.442886 ] }, # NE
	{ id = 13, xyz = [    68.707010,    11.064877,    11.691571 ] }, # HE
	{ id = 14, xyz = [    69.282160,     9.151944,    11.547881 ] }, # CZ
	{ id = 15, xyz = [    70.257273,     8.311240,    11.226602 ] }, # NH1
	{ id = 16, xyz = [    71.135715,     8.664532,    10.904290 ] }, # HH11
	{ id = 17, xyz = [    70.113773,     7.324681,    11.307213 ] }, # HH12
	{ id = 18, xyz = [    68.124621,     8.678819,    11.990953 ] }, # NH2
	{ id = 19, xyz = [    67.391464,     9.309655,    12.246252 ] }, # HH21
	{ id = 20, xyz = [    67.984954,     7.691659,    12.069849 ] }, # HH22

	{ id =  1, xyz = [    11.835000,    14.174000,    21.993000 ] }, # H
	{ id =  2, xyz = [    70.354000,    14.977000,     9.522000 ] }, # HA
	{ id =  3, xyz = [    69.551000,    12.987000,     9.783000 ] }, # CB
	{ id =  4, xyz = [    68.578412,    12.529510,    10.016481 ] }, # HB2
	{ id =  5, xyz = [    69.881390,    12.566780,     8.822070 ] }, # HB3
	{ id =  6, xyz = [    70.553887,    12.600292,    10.864978 ] }, # CG
	{ id =  7, xyz = [    71.453513,    13.226820,    10.770150 ] }, # HG2
	{ id =  8, xyz = [    70.121123,    12.805780,    11.854566 ] }, # HG3
	{ id =  9, xyz = [    70.948598,    11.131976,    10.780338 ] }, # CD
	{ id = 10, xyz = [    71.347410,    10.914254,     9.778538 ] }, # HD2
	{ id = 11, xyz = [    71.754154,    10.923753,    11.500152 ] }, # HD3
	{ id = 12, xyz = [    69.806927,    10.259343,    11.054553 ] }, # NE
	{ id = 13, xyz = [    69.285759,     9.914251,    10.274198 ] }, # HE
	{ id = 14, xyz = [    69.416109,     9.894215,    12.272539 ] }, # CZ
	{ id = 15, xyz = [    70.075363,    10.320555,    13.342336 ] }, # NH1
	{ id = 16, xyz = [    70.869358,    10.919114,    13.234357 ] }, # HH11
	{ id = 17, xyz = [    69.777935,    10.043655,    14.256258 ] }, # HH12
	{ id = 18, xyz = [    68.353450,     9.114153,    12.421923 ] }, # NH2
	{ id = 19, xyz = [    67.846190,     8.801018,    11.618627 ] }, # HH21
	{ id = 20, xyz = [    68.059409,     8.839244,    13.337446 ] }, # HH22

	{ id =  1, xyz = [    11.835000,    14.174000,    21.993000 ] }, # H
	{ id =  2, xyz = [    70.354000,    14.977000,     9.522000 ] }, # HA
	{ id =  3, xyz = [    69.551000,    12.987000,     9.783000 ] }, # CB
	{ id =  4, xyz = [    68.566181,    12.518951,     9.927223 ] }, # HB2
	{ id =  5, xyz = [    69.966693,    12.579970,     8.849911 ] }, # HB3
	{ id =  6, xyz = [    70.460593,    12.596931,    10.943382 ] }, # CG
	{ id =  7, xyz = [    70.097595,    13.071115,    11.867632 ] }, # HG2
	{ id =  8, xyz = [    70.409852,    11.509568,    11.097852 ] }, # HG3
	{ id =  9, xyz = [    71.906811,    13.006315,    10.698893 ] }, # CD
	{ id = 10, xyz = [    72.273693,    12.532009,     9.776674 ] }, # HD2
	{ id = 11, xyz = [    71.962043,    14.094379,    10.545675 ] }, # HD3
	{ id = 12, xyz = [    72.763143,    12.624117,    11.821708 ] }, # NE
	{ id = 13, xyz = [    72.941541,    13.310238,    12.526741 ] }, # HE
	{ id = 14, xyz = [    73.320009,    11.424859,    11.967398 ] }, # CZ
	{ id = 15, xyz = [    73.112147,    10.476579,    11.062739 ] }, # NH1
	{ id = 16, xyz = [    72.534968,    10.662599,    10.267364 ] }, # HH11
	{ id = 17, xyz = [    73.532954,     9.576335,    11.176192 ] }, # HH12
	{ id = 18, xyz = [    74.100049,    11.178429,    13.011844 ] }, # NH2
	{ id = 19, xyz = [    74.269488,    11.894608,    13.689359 ] }, # HH21
	{ id = 20, xyz = [    74.518746,    10.276870,    13.121859 ] }, # HH22

	{ id =  1, xyz = [    11.835000,    14.174000,    21.993000 ] }, # H
	{ id =  2, xyz = [    70.354000,    14.977000,     9.522000 ] }, # HA
	{ id =  3, xyz = [    69.551000,    12.987000,     9.783000 ] }, # CB
	{ id =  4, xyz = [    68.566181,    12.518951,     9.927223 ] }, # HB2
	{ id =  5, xyz = [    69.966693,    12.579970,     8.849911 ] }, # HB3
	{ id =  6, xyz = [    70.460593,    12.596931,    10.943382 ] }, # CG
	{ id =  7, xyz = [    70.097595,    13.071115,    11.867632 ] }, # HG2
	{ id =  8, xyz = [    70.409852,    11.509568,    11.097852 ] }, # HG3
	{ id =  9, xyz = [    71.906811,    13.006315,    10.698893 ] }, # CD
	{ id = 10, xyz = [    72.273693,    12.532009,     9.776674 ] }, # HD2
	{ id = 11, xyz = [    71.962043,    14.094379,    10.545675 ] }, # HD3
	{ id = 12, xyz = [    72.763143,    12.624117,    11.821708 ] }, # NE
	{ id = 13, xyz = [    72.336235,    12.157148,    12.595884 ] }, # HE
	{ id = 14, xyz = [    74.071638,    12.856127,    11.881349 ] }, # CZ
	{ id = 15, xyz = [    74.688623,    13.468790,    10.878940 ] }, # NH1
	{ id = 16, xyz = [    74.169277,    13.758234,    10.074662 ] }, # HH11
	{ id = 17, xyz = [    75.672595,    13.641345,    10.928059 ] }, # HH12
	{ id = 18, xyz = [    74.761938,    12.489308,    12.953257 ] }, # NH2
	{ id = 19, xyz = [    74.298214,    12.038634,    13.716477 ] }, # HH21
	{ id = 20, xyz = [    75.745747,    12.663370,    12.998413 ] }, # HH22

	{ id =  1, xyz = [    11.835000,    14.174000,    21.993000 ] }, # H
	{ id =  2, xyz = [    70.354000,    14.977000,     9.522000 ] }, # HA
	{ id =  3, xyz = [    69.551000,    12.987000,     9.783000 ] }, # CB
	{ id =  4, xyz = [    68.566181,    12.518951,     9.927223 ] }, # HB2
	{ id =  5, xyz = [    69.966693,    12.579970,     8.849911 ] }, # HB3
	{ id =  6, xyz = [    70.460593,    12.596931,    10.943382 ] }, # CG
	{ id =  7, xyz = [    70.097595,    13.071115,    11.867632 ] }, # HG2
	{ id =  8, xyz = [    70.409852,    11.509568,    11.097852 ] }, # HG3
	{ id =  9, xyz = [    71.906811,    13.006315,    10.698893 ] }, # CD
	{ id = 10, xyz = [    72.273693,    12.532009,     9.776674 ] }, # HD2
	{ id = 11, xyz = [    71.962043,    14.094379,    10.545675 ] }, # HD3
	{ id = 12, xyz = [    72.763143,    12.624117,    11.821708 ] }, # NE
	{ id = 13, xyz = [    73.252652,    11.754508,    11.759909 ] }, # HE
	{ id = 14, xyz = [    72.934173,    13.356261,    12.919096 ] }, # CZ
	{ id = 15, xyz = [    72.311207,    14.520560,    13.050128 ] }, # NH1
	{ id = 16, xyz = [    71.710059,    14.850400,    12.321988 ] }, # HH11
	{ id = 17, xyz = [    72.442575,    15.067728,    13.877013 ] }, # HH12
	{ id = 18, xyz = [    73.717196,    12.915303,    13.895051 ] }, # NH2
	{ id = 19, xyz = [    74.178530,    12.032232,    13.805576 ] }, # HH21
	{ id = 20, xyz = [    73.846210,    13.465528,    14.720173 ] }, # HH22

	{ id =  1, xyz = [    11.835000,    14.174000,    21.993000 ] }, # H
	{ id =  2, xyz = [    70.354000,    14.977000,     9.522000 ] }, # HA
	{ id =  3, xyz = [    69.551000,    12.987000,     9.783000 ] }, # CB
	{ id =  4, xyz = [    68.566181,    12.518951,     9.927223 ] }, # HB2
	{ id =  5, xyz = [    69.966693,    12.579970,     8.849911 ] }, # HB3
	{ id =  6, xyz = [    70.460593,    12.596931,    10.943382 ] }, # CG
	{ id =  7, xyz = [    70.097595,    13.071115,    11.867632 ] }, # HG2
	{ id =  8, xyz = [    70.409852,    11.509568,    11.097852 ] }, # HG3
	{ id =  9, xyz = [    71.906811,    13.006315,    10.698893 ] }, # CD
	{ id = 10, xyz = [    71.956575,    14.088280,    10.506722 ] }, # HD2
	{ id = 11, xyz = [    72.503772,    12.811662,    11.602307 ] }, # HD3
	{ id = 12, xyz = [    72.479273,    12.279586,     9.565647 ] }, # NE
	{ id = 13, xyz = [    71.921770,    11.568051,     9.138368 ] }, # HE
	{ id = 14, xyz = [    73.691682,    12.502333,     9.065652 ] }, # CZ
	{ id = 15, xyz = [    74.470940,    13.438156,     9.592758 ] }, # NH1
	{ id = 16, xyz = [    74.147147,    13.978975,    10.369311 ] }, # HH11
	{ id = 17, xyz = [    75.381892,    13.602173,     9.213742 ] }, # HH12
	{ id = 18, xyz = [    74.132339,    11.776214,     8.046521 ] }, # NH2
	{ id = 19, xyz = [    73.552885,    11.061199,     7.654555 ] }, # HH21
	{ id = 20, xyz = [    75.043715,    11.943493,     7.670185 ] }, # HH22

	{ id =  1, xyz = [    11.835000,    14.174000,    21.993000 ] }, # H
	{ id =  2, xyz = [    70.354000,    14.977000,     9.522000 ] }, # HA
	{ id =  3, xyz = [    69.551000,    12.987000,     9.783000 ] }, # CB
	{ id =  4, xyz = [    68.566181,    12.518951,     9.927223 ] }, # HB2
	{ id =  5, xyz = [    69.966693,    12.579970,     8.849911 ] }, # HB3
	{ id =  6, xyz = [    70.460593,    12.596931,    10.943382 ] }, # CG
	{ id =  7, xyz = [    70.097595,    13.071115,    11.867632 ] }, # HG2
	{ id =  8, xyz = [    70.409852,    11.509568,    11.097852 ] }, # HG3
	{ id =  9, xyz = [    71.906811,    13.006315,    10.698893 ] }, # CD
	{ id = 10, xyz = [    71.956575,    14.088280,    10.506722 ] }, # HD2
	{ id = 11, xyz = [    72.503772,    12.811662,    11.602307 ] }, # HD3
	{ id = 12, xyz = [    72.479273,    12.279586,     9.565647 ] }, # NE
	{ id = 13, xyz = [    72.456455,    12.721246,     8.668944 ] }, # HE
	{ id = 14, xyz = [    73.028240,    11.070742,     9.648564 ] }, # CZ
	{ id = 15, xyz = [    73.087985,    10.441944,    10.815565 ] }, # NH1
	{ id = 16, xyz = [    72.719026,    10.877029,    11.637108 ] }, # HH11
	{ id = 17, xyz = [    73.501490,     9.533060,    10.873293 ] }, # HH12
	{ id = 18, xyz = [    73.503801,    10.482270,     8.558793 ] }, # NH2
	{ id = 19, xyz = [    73.449150,    10.947622,     7.674988 ] }, # HH21
	{ id = 20, xyz = [    73.916788,     9.573523,     8.620729 ] }, # HH22
